{
	"parent": "item/handheld",
	"textures": {
		"layer0": "items/wood_shovel"
	},
	"overrides": [
		{ "predicate": {"damaged": 0, "damage": 0}, "model": "item/wood_shovel"},
		{ "predicate": {"damaged": 0, "damage": 0.016666666666666666}, "model": "item/wood_shovel"},
		{ "predicate": {"damaged": 0, "damage": 0.03333333333333333}, "model": "item/wood_shovel"},
		{ "predicate": {"damaged": 0, "damage": 0.05}, "model": "item/wood_shovel"},
		{ "predicate": {"damaged": 0, "damage": 0.06666666666666667}, "model": "item/wood_shovel"},
		{ "predicate": {"damaged": 0, "damage": 0.08333333333333333}, "model": "item/wood_shovel"},
		{ "predicate": {"damaged": 0, "damage": 0.1}, "model": "item/wood_shovel"},
		{ "predicate": {"damaged": 0, "damage": 0.11666666666666667}, "model": "item/wood_shovel"},
		{ "predicate": {"damaged": 0, "damage": 0.13333333333333333}, "model": "item/wood_shovel"},
		{ "predicate": {"damaged": 0, "damage": 0.15}, "model": "item/wood_shovel"},
		{ "predicate": {"damaged": 0, "damage": 0.16666666666666666}, "model": "item/wood_shovel"},
		{ "predicate": {"damaged": 0, "damage": 0.18333333333333332}, "model": "item/wood_shovel"},
		{ "predicate": {"damaged": 0, "damage": 0.2}, "model": "item/wood_shovel"},
		{ "predicate": {"damaged": 0, "damage": 0.21666666666666667}, "model": "item/wood_shovel"},
		{ "predicate": {"damaged": 0, "damage": 0.23333333333333334}, "model": "item/wood_shovel"},
		{ "predicate": {"damaged": 0, "damage": 0.25}, "model": "item/wood_shovel"},
		{ "predicate": {"damaged": 0, "damage": 0.26666666666666666}, "model": "item/wood_shovel"},
		{ "predicate": {"damaged": 0, "damage": 0.2833333333333333}, "model": "item/wood_shovel"},
		{ "predicate": {"damaged": 0, "damage": 0.3}, "model": "item/wood_shovel"},
		{ "predicate": {"damaged": 0, "damage": 0.31666666666666665}, "model": "item/wood_shovel"},
		{ "predicate": {"damaged": 0, "damage": 0.3333333333333333}, "model": "item/wood_shovel"},
		{ "predicate": {"damaged": 0, "damage": 0.35}, "model": "item/wood_shovel"},
		{ "predicate": {"damaged": 0, "damage": 0.36666666666666664}, "model": "item/wood_shovel"},
		{ "predicate": {"damaged": 0, "damage": 0.3833333333333333}, "model": "item/wood_shovel"},
		{ "predicate": {"damaged": 0, "damage": 0.4}, "model": "item/wood_shovel"},
		{ "predicate": {"damaged": 0, "damage": 0.4166666666666667}, "model": "item/wood_shovel"},
		{ "predicate": {"damaged": 0, "damage": 0.43333333333333335}, "model": "item/wood_shovel"},
		{ "predicate": {"damaged": 0, "damage": 0.45}, "model": "item/wood_shovel"},
		{ "predicate": {"damaged": 0, "damage": 0.4666666666666667}, "model": "item/wood_shovel"},
		{ "predicate": {"damaged": 0, "damage": 0.48333333333333334}, "model": "item/wood_shovel"},
		{ "predicate": {"damaged": 0, "damage": 0.5}, "model": "item/wood_shovel"},
		{ "predicate": {"damaged": 0, "damage": 0.5166666666666666}, "model": "item/wood_shovel"},
		{ "predicate": {"damaged": 0, "damage": 0.5333333333333333}, "model": "item/wood_shovel"},
		{ "predicate": {"damaged": 0, "damage": 0.55}, "model": "item/wood_shovel"},
		{ "predicate": {"damaged": 0, "damage": 0.5666666666666667}, "model": "item/wood_shovel"},
		{ "predicate": {"damaged": 0, "damage": 0.5833333333333334}, "model": "item/wood_shovel"},
		{ "predicate": {"damaged": 0, "damage": 0.6}, "model": "item/wood_shovel"},
		{ "predicate": {"damaged": 0, "damage": 0.6166666666666667}, "model": "item/wood_shovel"},
		{ "predicate": {"damaged": 0, "damage": 0.6333333333333333}, "model": "item/wood_shovel"},
		{ "predicate": {"damaged": 0, "damage": 0.65}, "model": "item/wood_shovel"},
		{ "predicate": {"damaged": 0, "damage": 0.6666666666666666}, "model": "item/wood_shovel"},
		{ "predicate": {"damaged": 0, "damage": 0.6833333333333333}, "model": "item/wood_shovel"},
		{ "predicate": {"damaged": 0, "damage": 0.7}, "model": "item/wood_shovel"},
		{ "predicate": {"damaged": 0, "damage": 0.7166666666666667}, "model": "item/wood_shovel"},
		{ "predicate": {"damaged": 0, "damage": 0.7333333333333333}, "model": "item/wood_shovel"},
		{ "predicate": {"damaged": 0, "damage": 0.75}, "model": "item/wood_shovel"},
		{ "predicate": {"damaged": 0, "damage": 0.7666666666666666}, "model": "item/wood_shovel"},
		{ "predicate": {"damaged": 0, "damage": 0.7833333333333333}, "model": "item/wood_shovel"},
		{ "predicate": {"damaged": 0, "damage": 0.8}, "model": "item/wood_shovel"},
		{ "predicate": {"damaged": 0, "damage": 0.8166666666666667}, "model": "item/wood_shovel"},
		{ "predicate": {"damaged": 0, "damage": 0.8333333333333334}, "model": "item/wood_shovel"},
		{ "predicate": {"damaged": 0, "damage": 0.85}, "model": "item/wood_shovel"},
		{ "predicate": {"damaged": 0, "damage": 0.8666666666666667}, "model": "item/wood_shovel"},
		{ "predicate": {"damaged": 0, "damage": 0.8833333333333333}, "model": "item/wood_shovel"},
		{ "predicate": {"damaged": 0, "damage": 0.9}, "model": "item/wood_shovel"},
		{ "predicate": {"damaged": 0, "damage": 0.9166666666666666}, "model": "item/wood_shovel"},
		{ "predicate": {"damaged": 0, "damage": 0.9333333333333333}, "model": "item/wood_shovel"},
		{ "predicate": {"damaged": 0, "damage": 0.95}, "model": "item/wood_shovel"},
		{ "predicate": {"damaged": 0, "damage": 0.9666666666666667}, "model": "item/wood_shovel"},
		{ "predicate": {"damaged": 0, "damage": 0.9833333333333333}, "model": "item/wood_shovel"},
		{ "predicate": {"damaged": 1, "damage": 0}, "model": "item/wood_shovel"}
	]
}
