{
	"credit": "Made with Blockbench",
	"textures": {
		"0": "blocks/red_nether_brick",
		"1": "blocks/glass",
		"particle": "blocks/red_nether_brick"
	},
	"elements": [
		{
			"from": [0, 5, 7],
			"to": [1, 24, 8],
			"faces": {
				"north": {"uv": [2.25, 6.75, 13.5, 12.5], "texture": "#0"},
				"east": {"uv": [6.25, 3.75, 7.75, 14.25], "texture": "#0"},
				"south": {"uv": [6.25, 3.5, 12.5, 8], "texture": "#0"},
				"west": {"uv": [6.75, 5, 8.5, 13.25], "texture": "#0"},
				"up": {"uv": [5, 5.25, 5.5, 8.75], "texture": "#0"},
				"down": {"uv": [5.25, 4.25, 9.75, 9.75], "texture": "#0"}
			}
		},
		{
			"from": [15, 5, 7],
			"to": [16, 24, 8],
			"faces": {
				"north": {"uv": [2.25, 6.75, 13.5, 12.5], "texture": "#0"},
				"east": {"uv": [6.25, 3.75, 7.75, 14.25], "texture": "#0"},
				"south": {"uv": [6.25, 3.5, 12.5, 8], "texture": "#0"},
				"west": {"uv": [6.75, 5, 8.5, 13.25], "texture": "#0"},
				"up": {"uv": [5, 5.25, 5.5, 8.75], "texture": "#0"},
				"down": {"uv": [5.25, 4.25, 9.75, 9.75], "texture": "#0"}
			}
		},
		{
			"from": [1, 5, 8],
			"to": [15, 18, 9],
			"faces": {
				"north": {"uv": [2.25, 6.75, 13.5, 12.5], "texture": "#0"},
				"east": {"uv": [6.25, 3.75, 7.75, 14.25], "texture": "#0"},
				"south": {"uv": [6.25, 3.5, 12.5, 8], "texture": "#0"},
				"west": {"uv": [6.75, 5, 8.5, 13.25], "texture": "#0"},
				"up": {"uv": [5, 5.25, 5.5, 8.75], "texture": "#0"},
				"down": {"uv": [5.25, 4.25, 9.75, 9.75], "texture": "#0"}
			}
		},
		{
			"from": [12, 18, 8],
			"to": [15, 23, 9],
			"faces": {
				"north": {"uv": [2.25, 6.75, 13.5, 12.5], "texture": "#0"},
				"east": {"uv": [6.25, 3.75, 7.75, 14.25], "texture": "#0"},
				"south": {"uv": [6.25, 3.5, 12.5, 8], "texture": "#0"},
				"west": {"uv": [6.75, 5, 8.5, 13.25], "texture": "#0"},
				"up": {"uv": [5, 5.25, 5.5, 8.75], "texture": "#0"},
				"down": {"uv": [5.25, 4.25, 9.75, 9.75], "texture": "#0"}
			}
		},
		{
			"from": [1, 18, 8],
			"to": [4, 23, 9],
			"faces": {
				"north": {"uv": [2.25, 6.75, 13.5, 12.5], "texture": "#0"},
				"east": {"uv": [6.25, 3.75, 7.75, 14.25], "texture": "#0"},
				"south": {"uv": [6.25, 3.5, 12.5, 8], "texture": "#0"},
				"west": {"uv": [6.75, 5, 8.5, 13.25], "texture": "#0"},
				"up": {"uv": [5, 5.25, 5.5, 8.75], "texture": "#0"},
				"down": {"uv": [5.25, 4.25, 9.75, 9.75], "texture": "#0"}
			}
		},
		{
			"from": [1, 23, 8],
			"to": [15, 24, 9],
			"faces": {
				"north": {"uv": [2.25, 6.75, 13.5, 12.5], "texture": "#0"},
				"east": {"uv": [6.25, 3.75, 7.75, 14.25], "texture": "#0"},
				"south": {"uv": [6.25, 3.5, 12.5, 8], "texture": "#0"},
				"west": {"uv": [6.75, 5, 8.5, 13.25], "texture": "#0"},
				"up": {"uv": [5, 5.25, 5.5, 8.75], "texture": "#0"},
				"down": {"uv": [5.25, 4.25, 9.75, 9.75], "texture": "#0"}
			}
		},
		{
			"from": [4, 18, 8],
			"to": [12, 23, 9],
			"faces": {
				"north": {"uv": [0, 10, 11.25, 15.75], "texture": "#1"},
				"east": {"uv": [6.25, 3.75, 7.75, 14.25], "texture": "#1"},
				"south": {"uv": [0, 0, 6.25, 4.5], "texture": "#1"},
				"west": {"uv": [6.75, 5, 8.5, 13.25], "texture": "#1"},
				"up": {"uv": [5, 5.25, 5.5, 8.75], "texture": "#1"},
				"down": {"uv": [5.25, 4.25, 9.75, 9.75], "texture": "#1"}
			}
		}
	],
	"display": {
		"thirdperson_righthand": {
			"rotation": [93, 180, 8],
			"translation": [-7.75, 3.75, -4],
			"scale": [1.5, 1.5, 1.5]
		},
		"thirdperson_lefthand": {
			"rotation": [10.25, 91.75, 4],
			"translation": [2, -7.5, 0]
		},
		"firstperson_righthand": {
			"rotation": [0, 180, 8],
			"translation": [-11.5, -9.5, 6.25],
			"scale": [1.5, 1.5, 1.5]
		},
		"firstperson_lefthand": {
			"rotation": [-3, 58, -47],
			"translation": [-1.25, 2.5, 8.25]
		},
		"gui": {
			"translation": [0, -5.25, 0],
			"scale": [1, 0.83, 4]
		}
	},
	"groups": [
		{
			"name": "wood_shovel_4",
			"children": [
				{
					"name": "wood_shovel_4",
					"children": [0, 1, 2, 3, 4, 5, 6]
				}
			]
		}
	]
}